"employeename","salary","age"
"Vikas Yadav","45000.00",27
"Priya Verma","50000.00",32
"Megha Rathi","52000.00",30
"Simran Kaur","54000.00",28
"Rohit Mehta","55000.00",30
"Neha Singh","58000.00",29
"Pooja Nair","59000.00",29
"Deepak Jain","60000.00",25
"Ankit Rawat","62000.00",26
"Amit Sharma","65000.00",28
"Tarun Sinha","67000.00",34
"Arjun Patel","68000.00",33
"Ritika Joshi","70000.00",31
"Sneha Gupta","75000.00",35
"Rajeev Menon","78000.00",40
